[
    {
      "Chain": "ETH",
      "Category": "Token",
      "Type of Issue": "Rugpull",
      "Funds Lost": "$60,000,000",
      "Date": "2022-10-23",
      "coingecko_id": "freeway",
      "Symbol": "ETH",
      "Name": "Freeway",
      "id": "freeway",
      "price": 0.000057,
      "market_cap": 384875,
      "volume": 18740.59,
      "wasRekt": 1
    },
    {
      "Chain": "BSC",
      "Category": "Token",
      "Type of Issue": "Safe",
      "Funds Lost": "None",
      "Date": "2024-01-10",
      "coingecko_id": "safe-token",
      "Symbol": "SAFE",
      "Name": "Safe Token",
      "id": "safe-token",
      "price": 1.25,
      "market_cap": 1000000000,
      "volume": 5000000,
      "wasRekt": 0
    }
  ]
  